[
  {
    "model": "task_manager.tasktype",
    "pk": 1,
    "fields": {
      "name": "Development"
    }
  },
  {
    "model": "task_manager.tasktype",
    "pk": 2,
    "fields": {
      "name": "Design"
    }
  },
  {
    "model": "task_manager.tasktype",
    "pk": 3,
    "fields": {
      "name": "Testing"
    }
  },
  {
    "model": "task_manager.tasktype",
    "pk": 4,
    "fields": {
      "name": "Documentation"
    }
  },
  {
    "model": "task_manager.tasktype",
    "pk": 5,
    "fields": {
      "name": "Research"
    }
  },
  {
    "model": "task_manager.tasktype",
    "pk": 6,
    "fields": {
      "name": "Maintenance"
    }
  },
  {
    "model": "task_manager.tasktype",
    "pk": 7,
    "fields": {
      "name": "Deployment"
    }
  },
  {
    "model": "task_manager.tasktype",
    "pk": 8,
    "fields": {
      "name": "User Support"
    }
  },
  {
    "model": "task_manager.tasktype",
    "pk": 9,
    "fields": {
      "name": "Marketing"
    }
  },
  {
    "model": "task_manager.tasktype",
    "pk": 10,
    "fields": {
      "name": "Analysis"
    }
  },
  {
    "model": "task_manager.tasktype",
    "pk": 11,
    "fields": {
      "name": "Security"
    }
  },
  {
    "model": "task_manager.tasktype",
    "pk": 12,
    "fields": {
      "name": "Performance"
    }
  },
  {
    "model": "task_manager.tasktype",
    "pk": 13,
    "fields": {
      "name": "Training"
    }
  },
  {
    "model": "task_manager.tasktype",
    "pk": 14,
    "fields": {
      "name": "Integration"
    }
  },
  {
    "model": "task_manager.tasktype",
    "pk": 15,
    "fields": {
      "name": "Research & Development"
    }
  },
  {
    "model": "task_manager.tasktype",
    "pk": 16,
    "fields": {
      "name": "Quality Assurance"
    }
  },
  {
    "model": "task_manager.tasktype",
    "pk": 17,
    "fields": {
      "name": "Product Management"
    }
  },
  {
    "model": "task_manager.tasktype",
    "pk": 18,
    "fields": {
      "name": "Customer Relations"
    }
  },
  {
    "model": "task_manager.tasktype",
    "pk": 19,
    "fields": {
      "name": "Strategy"
    }
  },
  {
    "model": "task_manager.tasktype",
    "pk": 20,
    "fields": {
      "name": "Compliance"
    }
  },
  {
    "model": "task_manager.position",
    "pk": 1,
    "fields": {
      "name": "Developer"
    }
  },
  {
    "model": "task_manager.position",
    "pk": 2,
    "fields": {
      "name": "Designer"
    }
  },
  {
    "model": "task_manager.position",
    "pk": 3,
    "fields": {
      "name": "QA Engineer"
    }
  },
  {
    "model": "task_manager.position",
    "pk": 4,
    "fields": {
      "name": "Project Management"
    }
  },
  {
    "model": "task_manager.position",
    "pk": 5,
    "fields": {
      "name": "Business Analyst"
    }
  },
  {
    "model": "task_manager.position",
    "pk": 6,
    "fields": {
      "name": "System Administration"
    }
  },
  {
    "model": "task_manager.position",
    "pk": 7,
    "fields": {
      "name": "Product Owner"
    }
  },
  {
    "model": "task_manager.position",
    "pk": 8,
    "fields": {
      "name": "Scrum Master"
    }
  },
  {
    "model": "task_manager.position",
    "pk": 9,
    "fields": {
      "name": "DevOps Engineer"
    }
  },
  {
    "model": "task_manager.position",
    "pk": 10,
    "fields": {
      "name": "Data Scientist"
    }
  },
  {
    "model": "task_manager.position",
    "pk": 11,
    "fields": {
      "name": "UX Researcher"
    }
  },
  {
    "model": "task_manager.position",
    "pk": 12,
    "fields": {
      "name": "Technical Writer"
    }
  },
  {
    "model": "task_manager.position",
    "pk": 13,
    "fields": {
      "name": "SEO Spercialist"
    }
  },
  {
    "model": "task_manager.position",
    "pk": 14,
    "fields": {
      "name": "Social Media Manager"
    }
  },
  {
    "model": "task_manager.position",
    "pk": 15,
    "fields": {
      "name": "Data Analyst"
    }
  },
  {
    "model": "task_manager.position",
    "pk": 16,
    "fields": {
      "name": "Network Engineer"
    }
  },
  {
    "model": "task_manager.position",
    "pk": 17,
    "fields": {
      "name": "Product Marketing Manager"
    }
  },
  {
    "model": "task_manager.position",
    "pk": 18,
    "fields": {
      "name": "Sales Executive"
    }
  },
  {
    "model": "task_manager.position",
    "pk": 19,
    "fields": {
      "name": "Compliance Officer"
    }
  },
  {
    "model": "task_manager.position",
    "pk": 20,
    "fields": {
      "name": "Customer Success Manager"
    }
  },
  {
    "model": "task_manager.worker",
    "pk": 1,
    "fields": {
      "password": "pbkdf2_sha256$870000$YsHCKdhdSwfTcOq8J4Q1sp$jlbKPLoox+vFai/VdKwek2MXqeJexsNNjvWFiOuDBbs=",
      "last_login": "2024-09-24T00:56:07.934Z",
      "is_superuser": true,
      "username": "admin",
      "first_name": "User",
      "last_name": "Admin",
      "email": "user@admin.com",
      "is_staff": true,
      "is_active": true,
      "date_joined": "2024-09-22T17:20:40Z",
      "position": 7,
      "groups": [ ],
      "user_permissions": [ ]
    }
  },
  {
    "model": "task_manager.worker",
    "pk": 2,
    "fields": {
      "password": "pbkdf2_sha256$870000$Ou77FtCshjRXvHn5wOZqRZ$Jar040o+M+d+vm3YLFB9wkL1BKK21Z3GBWHLqICXGK4=",
      "last_login": null,
      "is_superuser": false,
      "username": "alice",
      "first_name": "Alice",
      "last_name": "Loan",
      "email": "alice@example.com",
      "is_staff": false,
      "is_active": true,
      "date_joined": "2024-09-22T17:43:16Z",
      "position": 1,
      "groups": [ ],
      "user_permissions": [ ]
    }
  },
  {
    "model": "task_manager.worker",
    "pk": 3,
    "fields": {
      "password": "pbkdf2_sha256$870000$GenY9Oome52a0XEUA9W3pv$nCWK2o4Dx+NHw6RTl7wLLZqthaFxVaaOiMFs01HvoJg=",
      "last_login": null,
      "is_superuser": false,
      "username": "bob",
      "first_name": "Bob",
      "last_name": "Jacobs",
      "email": "bob@example.com",
      "is_staff": false,
      "is_active": true,
      "date_joined": "2024-09-22T17:48:21Z",
      "position": 2,
      "groups": [ ],
      "user_permissions": [ ]
    }
  },
  {
    "model": "task_manager.worker",
    "pk": 4,
    "fields": {
      "password": "pbkdf2_sha256$870000$zNh4oFi51CCkY6t0Gh7vyB$YVqDZk+Z2+NieKUkcwh6s3mB1oSeCUIeAGU3dy+AGnk=",
      "last_login": null,
      "is_superuser": false,
      "username": "charlie",
      "first_name": "Charlie",
      "last_name": "Nookie",
      "email": "charlie@example.com",
      "is_staff": false,
      "is_active": true,
      "date_joined": "2024-09-22T17:49:56Z",
      "position": 3,
      "groups": [ ],
      "user_permissions": [ ]
    }
  },
  {
    "model": "task_manager.worker",
    "pk": 5,
    "fields": {
      "password": "pbkdf2_sha256$870000$B3BTHc8AxezsQxQgQOxD2k$m2C7LPAtY6c3gNpOlrPg0ZwqY8BTwFtGXnSag5nIoCk=",
      "last_login": null,
      "is_superuser": false,
      "username": "diana",
      "first_name": "Diana",
      "last_name": "Mayers",
      "email": "diana@example.com",
      "is_staff": false,
      "is_active": true,
      "date_joined": "2024-09-22T17:54:54Z",
      "position": 4,
      "groups": [ ],
      "user_permissions": [ ]
    }
  },
  {
    "model": "task_manager.worker",
    "pk": 6,
    "fields": {
      "password": "pbkdf2_sha256$870000$vCfGwAm8wDlam9EXuHJjK1$RDFa1E3SNs1F/ay+BeI0knRFDHtFXaHVaO/8KRj9rZI=",
      "last_login": null,
      "is_superuser": false,
      "username": "eve",
      "first_name": "Eve",
      "last_name": "Paul",
      "email": "eve@example.com",
      "is_staff": false,
      "is_active": true,
      "date_joined": "2024-09-22T17:55:46Z",
      "position": 5,
      "groups": [ ],
      "user_permissions": [ ]
    }
  },
  {
    "model": "task_manager.worker",
    "pk": 7,
    "fields": {
      "password": "pbkdf2_sha256$870000$FGlsW8gC7v2e4bZtonnjtu$vE3ZUGBZ0ZvUWgJxzOel7llqdU6SVhKEQvYmbyXJ3QI=",
      "last_login": null,
      "is_superuser": false,
      "username": "frank",
      "first_name": "Frank",
      "last_name": "Noah",
      "email": "frank@example.com",
      "is_staff": false,
      "is_active": true,
      "date_joined": "2024-09-22T17:56:41Z",
      "position": 1,
      "groups": [ ],
      "user_permissions": [ ]
    }
  },
  {
    "model": "task_manager.worker",
    "pk": 8,
    "fields": {
      "password": "pbkdf2_sha256$870000$CBsx7foxr7GJxEBCDR5Tbr$vO5eojMsLnOnoZA7mR11Pv8ZqmGBJDdVMSFUT1KLHc8=",
      "last_login": null,
      "is_superuser": false,
      "username": "grace",
      "first_name": "Grace",
      "last_name": "Hopper",
      "email": "grace@example.com",
      "is_staff": false,
      "is_active": true,
      "date_joined": "2024-09-22T17:57:20Z",
      "position": 2,
      "groups": [ ],
      "user_permissions": [ ]
    }
  },
  {
    "model": "task_manager.worker",
    "pk": 9,
    "fields": {
      "password": "pbkdf2_sha256$870000$586Ds4cNxBziQEC7phHlBx$WDH5kdbWKTimnNzL82aHHoKNuLwf/23WwUNScf9jut4=",
      "last_login": null,
      "is_superuser": false,
      "username": "henry",
      "first_name": "Henry",
      "last_name": "Tennet",
      "email": "henry@example.com",
      "is_staff": false,
      "is_active": true,
      "date_joined": "2024-09-22T17:57:53Z",
      "position": 3,
      "groups": [ ],
      "user_permissions": [ ]
    }
  },
  {
    "model": "task_manager.worker",
    "pk": 10,
    "fields": {
      "password": "pbkdf2_sha256$870000$Th2o7CKcBRA2GejjMpwg31$ModX4r0VrlQ4b5cFH7lBQ7pkS5JxC3LnbS+Kk49FGvQ=",
      "last_login": null,
      "is_superuser": false,
      "username": "irene",
      "first_name": "Irene",
      "last_name": "Meiller",
      "email": "irene@example.com",
      "is_staff": false,
      "is_active": true,
      "date_joined": "2024-09-22T17:59:38Z",
      "position": 4,
      "groups": [ ],
      "user_permissions": [ ]
    }
  },
  {
    "model": "task_manager.worker",
    "pk": 11,
    "fields": {
      "password": "pbkdf2_sha256$870000$8XJUS7aByyTRvgEpz3QPqk$Wcm4G9zJp8yIRnKbPB1v4/zDL0LuwQyi9wl2anJzi04=",
      "last_login": null,
      "is_superuser": false,
      "username": "jack",
      "first_name": "Jack",
      "last_name": "Russel",
      "email": "jack@example.com",
      "is_staff": false,
      "is_active": true,
      "date_joined": "2024-09-22T18:01:05Z",
      "position": 5,
      "groups": [ ],
      "user_permissions": [ ]
    }
  },
  {
    "model": "task_manager.worker",
    "pk": 12,
    "fields": {
      "password": "pbkdf2_sha256$870000$H2LXqTjQhXS8qO2dfUbteL$kJaM0828plIuISu3kr2ykITA5ClqMToQMkCAFziZXRY=",
      "last_login": null,
      "is_superuser": false,
      "username": "kate",
      "first_name": "Kate",
      "last_name": "Fare",
      "email": "kate@example.com",
      "is_staff": false,
      "is_active": true,
      "date_joined": "2024-09-22T18:01:58Z",
      "position": 6,
      "groups": [ ],
      "user_permissions": [ ]
    }
  },
  {
    "model": "task_manager.worker",
    "pk": 13,
    "fields": {
      "password": "pbkdf2_sha256$870000$iM0tQdRmmpjMIL4eiS5w9w$93ZBLmdWD0LfV9S87DmpEAfkAgKEAoAIFHAgKOPnEb8=",
      "last_login": null,
      "is_superuser": false,
      "username": "leo",
      "first_name": "Leo",
      "last_name": "Walles",
      "email": "leo@example.com",
      "is_staff": false,
      "is_active": true,
      "date_joined": "2024-09-22T18:05:15Z",
      "position": 7,
      "groups": [ ],
      "user_permissions": [ ]
    }
  },
  {
    "model": "task_manager.worker",
    "pk": 14,
    "fields": {
      "password": "pbkdf2_sha256$870000$vvPJPdOLitc4POguZ9fxdx$u2gv1Q7O9c/tf447XcI466UHtAgyD0GDZnyXdCpH8cg=",
      "last_login": null,
      "is_superuser": false,
      "username": "mia",
      "first_name": "Mia",
      "last_name": "Rork",
      "email": "mia@example.com",
      "is_staff": false,
      "is_active": true,
      "date_joined": "2024-09-22T18:05:59Z",
      "position": 8,
      "groups": [ ],
      "user_permissions": [ ]
    }
  },
  {
    "model": "task_manager.worker",
    "pk": 15,
    "fields": {
      "password": "pbkdf2_sha256$870000$hbljn6DPWSxR9CI79VXEp0$ey5A33Y5fuGT8x0hmxWFkXzF8UGa2OeVfKr3xdvgag4=",
      "last_login": null,
      "is_superuser": false,
      "username": "noah",
      "first_name": "Noah",
      "last_name": "Paul",
      "email": "noah@example.com",
      "is_staff": false,
      "is_active": true,
      "date_joined": "2024-09-22T18:06:49Z",
      "position": 9,
      "groups": [ ],
      "user_permissions": [ ]
    }
  },
  {
    "model": "task_manager.worker",
    "pk": 16,
    "fields": {
      "password": "pbkdf2_sha256$870000$jcLk9N8jsUDAv31ONo8tbp$PLAQ9/gyL1FTdT4SPfmOwbrMrq7VduWxBBzx7iUNe60=",
      "last_login": null,
      "is_superuser": false,
      "username": "olivia",
      "first_name": "Olivia",
      "last_name": "Tenor",
      "email": "olivia@example.com",
      "is_staff": false,
      "is_active": true,
      "date_joined": "2024-09-22T18:07:24Z",
      "position": 10,
      "groups": [ ],
      "user_permissions": [ ]
    }
  },
  {
    "model": "task_manager.worker",
    "pk": 17,
    "fields": {
      "password": "pbkdf2_sha256$870000$Tt9drNBmQSkEU6ELxwLbqa$bcj/41fNSCu1lTQikMvBM32ITKiFcdNvBp0qRcRV0xU=",
      "last_login": null,
      "is_superuser": false,
      "username": "paul",
      "first_name": "Paul",
      "last_name": "Conan",
      "email": "paul@example.com",
      "is_staff": false,
      "is_active": true,
      "date_joined": "2024-09-22T18:08:09Z",
      "position": 1,
      "groups": [ ],
      "user_permissions": [ ]
    }
  },
  {
    "model": "task_manager.worker",
    "pk": 18,
    "fields": {
      "password": "pbkdf2_sha256$870000$H0SXRld8N6LHjerR0IhWPZ$HyqMunLoVMt2gwAdg4AJraoFAJKm/EtPEW3np+hepUk=",
      "last_login": null,
      "is_superuser": false,
      "username": "quinn",
      "first_name": "Quinn",
      "last_name": "Guilly",
      "email": "quinn@example.com",
      "is_staff": false,
      "is_active": true,
      "date_joined": "2024-09-22T18:08:47Z",
      "position": 2,
      "groups": [ ],
      "user_permissions": [ ]
    }
  },
  {
    "model": "task_manager.worker",
    "pk": 19,
    "fields": {
      "password": "pbkdf2_sha256$870000$ytCwasC5GjsMAyJzfji94K$2g3hPVdKk10j+gaU29SLv2HcqJAeolGCFuQZVdtxQH8=",
      "last_login": null,
      "is_superuser": false,
      "username": "rachel",
      "first_name": "Rachel",
      "last_name": "Crouford",
      "email": "rachel@example.com",
      "is_staff": false,
      "is_active": true,
      "date_joined": "2024-09-22T18:09:52Z",
      "position": 3,
      "groups": [ ],
      "user_permissions": [ ]
    }
  },
  {
    "model": "task_manager.worker",
    "pk": 20,
    "fields": {
      "password": "pbkdf2_sha256$870000$DbeuTZhuFur6deDcYNA80x$1/1NlZA0Glv21ABJuf+LYuaHY4PotCHzTnd1hwJi8dQ=",
      "last_login": null,
      "is_superuser": false,
      "username": "sam",
      "first_name": "Sam",
      "last_name": "Nikon",
      "email": "sam@example.com",
      "is_staff": false,
      "is_active": true,
      "date_joined": "2024-09-22T18:10:36Z",
      "position": 4,
      "groups": [ ],
      "user_permissions": [ ]
    }
  },
  {
    "model": "task_manager.worker",
    "pk": 21,
    "fields": {
      "password": "pbkdf2_sha256$870000$8yw7ufkSqpyQnVxucn7CkU$10ygoEUtsYBbePEni1R4CQlm4rEtuvJvkGR4vogula0=",
      "last_login": null,
      "is_superuser": false,
      "username": "tina",
      "first_name": "Tina",
      "last_name": "Tiny",
      "email": "tina@example.com",
      "is_staff": false,
      "is_active": true,
      "date_joined": "2024-09-22T18:11:13Z",
      "position": 5,
      "groups": [ ],
      "user_permissions": [ ]
    }
  },
  {
    "model": "task_manager.worker",
    "pk": 22,
    "fields": {
      "password": "pbkdf2_sha256$870000$q3sl0SraiQCPc3ixYIPe0i$RW8/TnEhpUPYfUbhEyHQEE0Nq6paJH+JLWepKpYW1hY=",
      "last_login": null,
      "is_superuser": false,
      "username": "uma",
      "first_name": "Uma",
      "last_name": "Turman",
      "email": "uma@example.com",
      "is_staff": false,
      "is_active": true,
      "date_joined": "2024-09-22T18:12:08Z",
      "position": 6,
      "groups": [ ],
      "user_permissions": [ ]
    }
  },
  {
    "model": "task_manager.worker",
    "pk": 23,
    "fields": {
      "password": "pbkdf2_sha256$870000$zhnqYk7vAPSBN5eoaFe6U4$Chx925Gdebb5H52vhIhqc4x+HUB0hMMyWcBshD73/cw=",
      "last_login": null,
      "is_superuser": false,
      "username": "victor",
      "first_name": "Victor",
      "last_name": "Rzevyc",
      "email": "victor@example.com",
      "is_staff": false,
      "is_active": true,
      "date_joined": "2024-09-22T18:12:47Z",
      "position": 7,
      "groups": [ ],
      "user_permissions": [ ]
    }
  },
  {
    "model": "task_manager.worker",
    "pk": 24,
    "fields": {
      "password": "pbkdf2_sha256$870000$HllDUseqBt5PMubaYeMouU$s3oRzuHjWAWZEX0NWmYZ+P4VweUQ6u7ph218/sM4iTU=",
      "last_login": null,
      "is_superuser": false,
      "username": "wendy",
      "first_name": "Wendy",
      "last_name": "Canon",
      "email": "wendy@example.com",
      "is_staff": false,
      "is_active": true,
      "date_joined": "2024-09-22T18:13:39Z",
      "position": 8,
      "groups": [ ],
      "user_permissions": [ ]
    }
  },
  {
    "model": "task_manager.worker",
    "pk": 25,
    "fields": {
      "password": "pbkdf2_sha256$870000$MRZYH4YOKMTFHZafk4a4ns$rCYccXpNqwY3csE0iTgqUYEOOHufvsqcyYiVRlsczJA=",
      "last_login": null,
      "is_superuser": false,
      "username": "xander",
      "first_name": "Xander",
      "last_name": "Tompson",
      "email": "xander@example.com",
      "is_staff": false,
      "is_active": true,
      "date_joined": "2024-09-22T18:14:27Z",
      "position": 9,
      "groups": [ ],
      "user_permissions": [ ]
    }
  },
  {
    "model": "task_manager.worker",
    "pk": 26,
    "fields": {
      "password": "pbkdf2_sha256$870000$HZwp4Wl7SzASrObvrNU99r$ORQgCSxYhqtqAe+hhQxiLdWvdjMLXLW6Jn45nWXN6Ns=",
      "last_login": null,
      "is_superuser": false,
      "username": "zane",
      "first_name": "Zane",
      "last_name": "Rach",
      "email": "zane@example.com",
      "is_staff": false,
      "is_active": true,
      "date_joined": "2024-09-23T18:22:22Z",
      "position": 11,
      "groups": [ ],
      "user_permissions": [ ]
    }
  },
  {
    "model": "task_manager.worker",
    "pk": 27,
    "fields": {
      "password": "pbkdf2_sha256$870000$1enRaTlXSEBTVMNOMLVg6K$pwXWHRsdw4anYHPUr7uARH9gGnQrQQvDjZqKypqKV3o=",
      "last_login": null,
      "is_superuser": false,
      "username": "aaron",
      "first_name": "Aaron",
      "last_name": "Nickson",
      "email": "aaron@example.com",
      "is_staff": false,
      "is_active": true,
      "date_joined": "2024-09-23T18:23:18Z",
      "position": 12,
      "groups": [ ],
      "user_permissions": [ ]
    }
  },
  {
    "model": "task_manager.worker",
    "pk": 28,
    "fields": {
      "password": "pbkdf2_sha256$870000$rHoVOXctbvYe61sFr3T6mu$KUpHoVya36wdsjfeZExMnT2dq+uOj+HZfhPuOnqzbwM=",
      "last_login": null,
      "is_superuser": false,
      "username": "brian",
      "first_name": "Brian",
      "last_name": "Tight",
      "email": "brian@example.com",
      "is_staff": false,
      "is_active": true,
      "date_joined": "2024-09-23T18:24:14Z",
      "position": 13,
      "groups": [ ],
      "user_permissions": [ ]
    }
  },
  {
    "model": "task_manager.worker",
    "pk": 29,
    "fields": {
      "password": "pbkdf2_sha256$870000$xOEqwHbQBiu6YSYJAcNf6w$qZb5BYzy6ZtGckNfJ3mLi8kuJBE0UUYFDbGw4nJ6meU=",
      "last_login": null,
      "is_superuser": false,
      "username": "clara",
      "first_name": "Clara",
      "last_name": "Rebel",
      "email": "clara@example.com",
      "is_staff": false,
      "is_active": true,
      "date_joined": "2024-09-23T18:25:05Z",
      "position": 14,
      "groups": [ ],
      "user_permissions": [ ]
    }
  },
  {
    "model": "task_manager.worker",
    "pk": 30,
    "fields": {
      "password": "pbkdf2_sha256$870000$IOMi4J3m04gp7ct8OhMa5x$bAkAtb2W7AzyR/waUC1zrtJnq5tElJZ36MvkEtFWAg8=",
      "last_login": null,
      "is_superuser": false,
      "username": "derek",
      "first_name": "Derek",
      "last_name": "McKinnie",
      "email": "derek@example.com",
      "is_staff": false,
      "is_active": true,
      "date_joined": "2024-09-23T18:25:58Z",
      "position": 15,
      "groups": [ ],
      "user_permissions": [ ]
    }
  },
  {
    "model": "task_manager.worker",
    "pk": 31,
    "fields": {
      "password": "pbkdf2_sha256$870000$Bbsl7XDKSYdyNoBsxfuXCc$QZvqrXk+Aa+ITIoFKfCvTIMEEE0W8ubCGKjh4SMxM14=",
      "last_login": null,
      "is_superuser": false,
      "username": "ella",
      "first_name": "Ella",
      "last_name": "Volt",
      "email": "ella@example.com",
      "is_staff": false,
      "is_active": true,
      "date_joined": "2024-09-23T18:27:09Z",
      "position": 16,
      "groups": [ ],
      "user_permissions": [ ]
    }
  },
  {
    "model": "task_manager.worker",
    "pk": 32,
    "fields": {
      "password": "pbkdf2_sha256$870000$AeN18aH7WN6b8A7XgR4V3K$Y/c7mzJICXKW9R2uExPAeBpARWmeh1Z61fANMgD8W+g=",
      "last_login": null,
      "is_superuser": false,
      "username": "fred",
      "first_name": "Fred",
      "last_name": "Jeffreson",
      "email": "fred@example.com",
      "is_staff": false,
      "is_active": true,
      "date_joined": "2024-09-23T18:27:55Z",
      "position": 17,
      "groups": [ ],
      "user_permissions": [ ]
    }
  },
  {
    "model": "task_manager.worker",
    "pk": 33,
    "fields": {
      "password": "pbkdf2_sha256$870000$stnQhBGJSt3SgNIy7TplWd$o5YivWp91g3+E5VHTU5+u+wIrPzJcZ9aUboHTcx20QI=",
      "last_login": null,
      "is_superuser": false,
      "username": "gina",
      "first_name": "Gina",
      "last_name": "Jonnie",
      "email": "gina@example.com",
      "is_staff": false,
      "is_active": true,
      "date_joined": "2024-09-23T18:28:55Z",
      "position": 18,
      "groups": [ ],
      "user_permissions": [ ]
    }
  },
  {
    "model": "task_manager.worker",
    "pk": 34,
    "fields": {
      "password": "pbkdf2_sha256$870000$RajrRL6wmAmXpQHUewylXS$Ridw2Xd0Jb9zBqmGuQx8ZfCv6EwaUjVjucTMhsAf/mI=",
      "last_login": null,
      "is_superuser": false,
      "username": "hugo",
      "first_name": "Hugo",
      "last_name": "Tol",
      "email": "hugo@example.com",
      "is_staff": false,
      "is_active": true,
      "date_joined": "2024-09-23T18:29:40Z",
      "position": 19,
      "groups": [ ],
      "user_permissions": [ ]
    }
  },
  {
    "model": "task_manager.worker",
    "pk": 35,
    "fields": {
      "password": "pbkdf2_sha256$870000$tybnjTA5eq1ZbbdXc3sy63$BICcJPIHcJ2xJLHTr0AxHdCyr73gW37nrrPxztg8BSc=",
      "last_login": null,
      "is_superuser": false,
      "username": "iris",
      "first_name": "Iris",
      "last_name": "Eye",
      "email": "iris@example.com",
      "is_staff": false,
      "is_active": true,
      "date_joined": "2024-09-23T18:30:19Z",
      "position": 20,
      "groups": [ ],
      "user_permissions": [ ]
    }
  },
  {
    "model": "task_manager.worker",
    "pk": 36,
    "fields": {
      "password": "pbkdf2_sha256$870000$i8ijcVuEPZGv3QmH0ACmAU$gpvuie4F7wCExU/AUz0E7WlRY4SQQFN9orvQa8LCT70=",
      "last_login": null,
      "is_superuser": false,
      "username": "jake",
      "first_name": "Jake",
      "last_name": "Wick",
      "email": "jake@example.com",
      "is_staff": false,
      "is_active": true,
      "date_joined": "2024-09-23T18:31:03Z",
      "position": 1,
      "groups": [ ],
      "user_permissions": [ ]
    }
  },
  {
    "model": "task_manager.worker",
    "pk": 37,
    "fields": {
      "password": "pbkdf2_sha256$870000$XeGUFLj9Np7111Pp7aNypy$EZrQBhuMCgJOUOVpoMRJ3m9uBpdA/iH+t+fvA5DoFOI=",
      "last_login": null,
      "is_superuser": false,
      "username": "kylie",
      "first_name": "Kylie",
      "last_name": "Bjorn",
      "email": "kylie@example.com",
      "is_staff": false,
      "is_active": true,
      "date_joined": "2024-09-23T18:31:55Z",
      "position": 2,
      "groups": [ ],
      "user_permissions": [ ]
    }
  },
  {
    "model": "task_manager.worker",
    "pk": 38,
    "fields": {
      "password": "pbkdf2_sha256$870000$iDtDEsQvzw2b31A2IRCxN1$x+nLcv8ES8h+jj4GlI7P0tzlG0b8hfi2ThxbGmejED4=",
      "last_login": null,
      "is_superuser": false,
      "username": "luke",
      "first_name": "Luke",
      "last_name": "Skywalker",
      "email": "luke@example.com",
      "is_staff": false,
      "is_active": true,
      "date_joined": "2024-09-23T18:32:56Z",
      "position": 3,
      "groups": [ ],
      "user_permissions": [ ]
    }
  },
  {
    "model": "task_manager.worker",
    "pk": 39,
    "fields": {
      "password": "pbkdf2_sha256$870000$Gxd2dXzq4G6biH2Tb1lulW$2gMZyVb6pq7B1CjCvI9/LskfRNUTo7djv8YUCKVBooM=",
      "last_login": null,
      "is_superuser": false,
      "username": "mona",
      "first_name": "Mona",
      "last_name": "Lisa",
      "email": "mona@example.com",
      "is_staff": false,
      "is_active": true,
      "date_joined": "2024-09-23T18:33:42Z",
      "position": 4,
      "groups": [ ],
      "user_permissions": [ ]
    }
  },
  {
    "model": "task_manager.worker",
    "pk": 40,
    "fields": {
      "password": "pbkdf2_sha256$870000$DfZQwgsARFWlFXPxh0RFat$SPeHLlcFvUv+z2ORMYnOZPKSnaleMum+n4gHQzyEu00=",
      "last_login": null,
      "is_superuser": false,
      "username": "nina",
      "first_name": "Nina",
      "last_name": "Xavier",
      "email": "nina@example.com",
      "is_staff": false,
      "is_active": true,
      "date_joined": "2024-09-23T18:34:14Z",
      "position": 5,
      "groups": [ ],
      "user_permissions": [ ]
    }
  },
  {
    "model": "task_manager.worker",
    "pk": 41,
    "fields": {
      "password": "pbkdf2_sha256$870000$AnlApw97w75imBRjjkmRsq$5gvfS8tvpqSatyVkan7QKEemja+vP3KoOlAZO55zeEk=",
      "last_login": null,
      "is_superuser": false,
      "username": "yara",
      "first_name": "Yara",
      "last_name": "Doughson",
      "email": "yara@example.com",
      "is_staff": false,
      "is_active": true,
      "date_joined": "2024-09-23T18:34:52Z",
      "position": 10,
      "groups": [ ],
      "user_permissions": [ ]
    }
  },
  {
    "model": "task_manager.task",
    "pk": 1,
    "fields": {
      "name": "Implement login feature",
      "description": "Create a secure login feature using Django.",
      "deadline": "2024-10-01",
      "is_completed": false,
      "priority": "high",
      "task_type": 1,
      "created_by": 2,
      "assignees": [
        2,
        3,
        4
      ]
    }
  },
  {
    "model": "task_manager.task",
    "pk": 2,
    "fields": {
      "name": "Design homepage",
      "description": "Create wireframes and UI for the homepage.",
      "deadline": "2024-09-25",
      "is_completed": false,
      "priority": "urgent",
      "task_type": 2,
      "created_by": 2,
      "assignees": [
        2,
        4
      ]
    }
  },
  {
    "model": "task_manager.task",
    "pk": 3,
    "fields": {
      "name": "Test payment gateway",
      "description": "Ensure payment gateway functions correctly across browsers.",
      "deadline": "2024-10-05",
      "is_completed": false,
      "priority": "medium",
      "task_type": 3,
      "created_by": 3,
      "assignees": [
        3,
        5
      ]
    }
  },
  {
    "model": "task_manager.task",
    "pk": 4,
    "fields": {
      "name": "Write API documentation",
      "description": "Create comprehensive API documentation for the backend team.",
      "deadline": "2024-10-10",
      "is_completed": false,
      "priority": "low",
      "task_type": 4,
      "created_by": 5,
      "assignees": [
        2,
        4
      ]
    }
  },
  {
    "model": "task_manager.task",
    "pk": 5,
    "fields": {
      "name": "Market research",
      "description": "Conduct market research for the new product launch.",
      "deadline": "2024-09-30",
      "is_completed": false,
      "priority": "high",
      "task_type": 5,
      "created_by": 6,
      "assignees": [
        3,
        6
      ]
    }
  },
  {
    "model": "task_manager.task",
    "pk": 6,
    "fields": {
      "name": "Set up CI/CD pipeline",
      "description": "Automate the deployment process using CI/CD tools.",
      "deadline": "2024-10-15",
      "is_completed": false,
      "priority": "high",
      "task_type": 7,
      "created_by": 7,
      "assignees": [
        2,
        10
      ]
    }
  },
  {
    "model": "task_manager.task",
    "pk": 7,
    "fields": {
      "name": "Design logo",
      "description": "Create a logo for the new product line.",
      "deadline": "2024-09-28",
      "is_completed": false,
      "priority": "medium",
      "task_type": 2,
      "created_by": 8,
      "assignees": [
        3,
        7
      ]
    }
  },
  {
    "model": "task_manager.task",
    "pk": 8,
    "fields": {
      "name": "Conduct usability testing",
      "description": "Gather feedback on the user interface from testers.",
      "deadline": "2024-10-20",
      "is_completed": false,
      "priority": "urgent",
      "task_type": 3,
      "created_by": 4,
      "assignees": [
        2,
        9
      ]
    }
  },
  {
    "model": "task_manager.task",
    "pk": 9,
    "fields": {
      "name": "Prepare release notes",
      "description": "Summarize the new features and fixes for the release.",
      "deadline": "2024-10-12",
      "is_completed": false,
      "priority": "low",
      "task_type": 4,
      "created_by": 5,
      "assignees": [
        5
      ]
    }
  },
  {
    "model": "task_manager.task",
    "pk": 10,
    "fields": {
      "name": "Create user manual",
      "description": "Write a user manual for the new software.",
      "deadline": "2024-10-25",
      "is_completed": false,
      "priority": "medium",
      "task_type": 4,
      "created_by": 6,
      "assignees": [
        6
      ]
    }
  },
  {
    "model": "task_manager.task",
    "pk": 11,
    "fields": {
      "name": "Implement feedback system",
      "description": "Build a feedback system for users to submit comments.",
      "deadline": "2024-11-01",
      "is_completed": false,
      "priority": "high",
      "task_type": 1,
      "created_by": 2,
      "assignees": [
        2,
        7
      ]
    }
  },
  {
    "model": "task_manager.task",
    "pk": 12,
    "fields": {
      "name": "SEO optimization",
      "description": "Optimize website for search engines.",
      "deadline": "2024-10-15",
      "is_completed": false,
      "priority": "high",
      "task_type": 9,
      "created_by": 3,
      "assignees": [
        3,
        8
      ]
    }
  },
  {
    "model": "task_manager.task",
    "pk": 13,
    "fields": {
      "name": "Conduct A/B testing",
      "description": "Test two different versions of a webpage.",
      "deadline": "2024-10-30",
      "is_completed": false,
      "priority": "medium",
      "task_type": 3,
      "created_by": 4,
      "assignees": [
        9
      ]
    }
  },
  {
    "model": "task_manager.task",
    "pk": 14,
    "fields": {
      "name": "Setup server monitoring",
      "description": "Implement monitoring tools for server health.",
      "deadline": "2024-10-15",
      "is_completed": false,
      "priority": "medium",
      "task_type": 6,
      "created_by": 7,
      "assignees": [
        11
      ]
    }
  },
  {
    "model": "task_manager.task",
    "pk": 15,
    "fields": {
      "name": "Train new employees",
      "description": "Conduct training sessions for new team members.",
      "deadline": "2024-10-20",
      "is_completed": false,
      "priority": "low",
      "task_type": 13,
      "created_by": 5,
      "assignees": [
        4,
        6
      ]
    }
  },
  {
    "model": "task_manager.task",
    "pk": 16,
    "fields": {
      "name": "Prepare budget report",
      "description": "Create a report on the current budget and expenses.",
      "deadline": "2024-10-25",
      "is_completed": false,
      "priority": "medium",
      "task_type": 10,
      "created_by": 6,
      "assignees": [
        5,
        10
      ]
    }
  },
  {
    "model": "task_manager.task",
    "pk": 17,
    "fields": {
      "name": "Update software dependencies",
      "description": "Ensure all software dependencies are up to date.",
      "deadline": "2024-11-05",
      "is_completed": false,
      "priority": "high",
      "task_type": 1,
      "created_by": 2,
      "assignees": [
        2,
        7
      ]
    }
  },
  {
    "model": "task_manager.task",
    "pk": 18,
    "fields": {
      "name": "Client follow-up",
      "description": "Reach out to clients for feedback on recent projects.",
      "deadline": "2024-10-22",
      "is_completed": false,
      "priority": "medium",
      "task_type": 8,
      "created_by": 3,
      "assignees": [
        5,
        6
      ]
    }
  },
  {
    "model": "task_manager.task",
    "pk": 19,
    "fields": {
      "name": "Update website content",
      "description": "Revise the website content based on recent changes.",
      "deadline": "2024-10-18",
      "is_completed": false,
      "priority": "low",
      "task_type": 9,
      "created_by": 4,
      "assignees": [
        3,
        7
      ]
    }
  },
  {
    "model": "task_manager.task",
    "pk": 20,
    "fields": {
      "name": "Conduct team building activities",
      "description": "Organize activities for team bonding.",
      "deadline": "2024-11-10",
      "is_completed": false,
      "priority": "medium",
      "task_type": 8,
      "created_by": 6,
      "assignees": [
        8,
        9
      ]
    }
  },
  {
    "model": "task_manager.task",
    "pk": 21,
    "fields": {
      "name": "Refactor legacy code",
      "description": "Improve the quality of existing legacy code.",
      "deadline": "2024-11-15",
      "is_completed": false,
      "priority": "high",
      "task_type": 1,
      "created_by": 2,
      "assignees": [
        2,
        10
      ]
    }
  },
  {
    "model": "task_manager.task",
    "pk": 22,
    "fields": {
      "name": "Conduct stakeholder meetings",
      "description": "Organize meetings with key stakeholders to discuss project status.",
      "deadline": "2024-11-12",
      "is_completed": false,
      "priority": "medium",
      "task_type": 4,
      "created_by": 3,
      "assignees": [
        4,
        6
      ]
    }
  },
  {
    "model": "task_manager.task",
    "pk": 23,
    "fields": {
      "name": "Launch marketing campaign",
      "description": "Create and launch a marketing campaign for the product.",
      "deadline": "2024-11-20",
      "is_completed": false,
      "priority": "urgent",
      "task_type": 9,
      "created_by": 4,
      "assignees": [
        5,
        7
      ]
    }
  },
  {
    "model": "task_manager.task",
    "pk": 24,
    "fields": {
      "name": "Implement data backup solution",
      "description": "Setup an automated data backup system.",
      "deadline": "2024-11-05",
      "is_completed": false,
      "priority": "high",
      "task_type": 6,
      "created_by": 5,
      "assignees": [
        6,
        8
      ]
    }
  },
  {
    "model": "task_manager.task",
    "pk": 25,
    "fields": {
      "name": "Create onboarding materials",
      "description": "Develop materials for new employee onboarding.",
      "deadline": "2024-11-01",
      "is_completed": false,
      "priority": "medium",
      "task_type": 8,
      "created_by": 6,
      "assignees": [
        2,
        4
      ]
    }
  },
  {
    "model": "task_manager.task",
    "pk": 26,
    "fields": {
      "name": "Conduct risk assessment",
      "description": "Evaluate potential risks associated with the project.",
      "deadline": "2024-11-10",
      "is_completed": false,
      "priority": "high",
      "task_type": 10,
      "created_by": 7,
      "assignees": [
        3,
        5
      ]
    }
  },
  {
    "model": "task_manager.task",
    "pk": 27,
    "fields": {
      "name": "Develop training program",
      "description": "Create a training program for new hires.",
      "deadline": "2024-11-18",
      "is_completed": false,
      "priority": "medium",
      "task_type": 13,
      "created_by": 8,
      "assignees": [
        4,
        6
      ]
    }
  },
  {
    "model": "task_manager.task",
    "pk": 28,
    "fields": {
      "name": "Organize company retreat",
      "description": "Plan a retreat for team bonding and strategy planning.",
      "deadline": "2024-11-22",
      "is_completed": false,
      "priority": "medium",
      "task_type": 8,
      "created_by": 2,
      "assignees": [
        3,
        5
      ]
    }
  },
  {
    "model": "task_manager.task",
    "pk": 29,
    "fields": {
      "name": "Create user feedback system",
      "description": "Develop a system for users to provide feedback.",
      "deadline": "2024-11-25",
      "is_completed": false,
      "priority": "high",
      "task_type": 8,
      "created_by": 4,
      "assignees": [
        2,
        7
      ]
    }
  },
  {
    "model": "task_manager.task",
    "pk": 30,
    "fields": {
      "name": "Update company policies",
      "description": "Review and update company policies and procedures.",
      "deadline": "2024-11-30",
      "is_completed": false,
      "priority": "low",
      "task_type": 20,
      "created_by": 5,
      "assignees": [
        6,
        8
      ]
    }
  },
  {
    "model": "task_manager.task",
    "pk": 31,
    "fields": {
      "name": "Plan quarterly budget",
      "description": "Create a budget for the upcoming quarter.",
      "deadline": "2024-12-05",
      "is_completed": false,
      "priority": "medium",
      "task_type": 10,
      "created_by": 6,
      "assignees": [
        3,
        9
      ]
    }
  },
  {
    "model": "task_manager.task",
    "pk": 32,
    "fields": {
      "name": "Conduct performance reviews",
      "description": "Evaluate employee performance for the last quarter.",
      "deadline": "2024-12-10",
      "is_completed": false,
      "priority": "high",
      "task_type": 20,
      "created_by": 7,
      "assignees": [
        4,
        5
      ]
    }
  },
  {
    "model": "task_manager.task",
    "pk": 33,
    "fields": {
      "name": "Update website SEO",
      "description": "Ensure the website is optimized for search engines.",
      "deadline": "2024-12-15",
      "is_completed": false,
      "priority": "medium",
      "task_type": 9,
      "created_by": 8,
      "assignees": [
        2,
        3
      ]
    }
  },
  {
    "model": "task_manager.task",
    "pk": 34,
    "fields": {
      "name": "Refine product features",
      "description": "Iterate on product features based on user feedback.",
      "deadline": "2024-12-20",
      "is_completed": false,
      "priority": "low",
      "task_type": 10,
      "created_by": 9,
      "assignees": [
        6,
        7
      ]
    }
  },
  {
    "model": "task_manager.task",
    "pk": 35,
    "fields": {
      "name": "Organize community outreach",
      "description": "Plan events for community engagement.",
      "deadline": "2024-12-25",
      "is_completed": false,
      "priority": "medium",
      "task_type": 20,
      "created_by": 10,
      "assignees": [
        4,
        5
      ]
    }
  },
  {
    "model": "task_manager.task",
    "pk": 36,
    "fields": {
      "name": "Setup performance metrics",
      "description": "Define metrics to track product performance.",
      "deadline": "2024-12-30",
      "is_completed": false,
      "priority": "high",
      "task_type": 10,
      "created_by": 11,
      "assignees": [
        2,
        3
      ]
    }
  },
  {
    "model": "task_manager.task",
    "pk": 37,
    "fields": {
      "name": "Conduct training on new tools",
      "description": "Train staff on newly implemented tools.",
      "deadline": "2024-12-31",
      "is_completed": false,
      "priority": "medium",
      "task_type": 13,
      "created_by": 12,
      "assignees": [
        5,
        6
      ]
    }
  },
  {
    "model": "task_manager.task",
    "pk": 38,
    "fields": {
      "name": "Evaluate employee benefits",
      "description": "Assess the current employee benefits program.",
      "deadline": "2025-01-05",
      "is_completed": false,
      "priority": "low",
      "task_type": 20,
      "created_by": 13,
      "assignees": [
        3,
        4
      ]
    }
  },
  {
    "model": "task_manager.task",
    "pk": 39,
    "fields": {
      "name": "Implement new HR software",
      "description": "Roll out a new software solution for HR tasks.",
      "deadline": "2025-01-10",
      "is_completed": false,
      "priority": "high",
      "task_type": 20,
      "created_by": 14,
      "assignees": [
        2,
        5
      ]
    }
  },
  {
    "model": "task_manager.task",
    "pk": 40,
    "fields": {
      "name": "Plan team holiday party",
      "description": "Organize a holiday celebration for the team.",
      "deadline": "2025-01-15",
      "is_completed": false,
      "priority": "medium",
      "task_type": 8,
      "created_by": 15,
      "assignees": [
        6,
        7
      ]
    }
  }
]